{
  "metadata": {
    "system_version": "Quantum V7.0",
    "draw_date": "20251128",
    "prediction_timestamp": "2025-11-28T00:43:47.100603",
    "methodology": "Quantum-Probabilistic Superposition"
  },
  "quantum_state": {
    "wave_function_norm": 1.0,
    "model_weights": {
      "wave_function": 0.25,
      "oscillation": 0.25,
      "anti_frequency": 0.3,
      "disruption": 0.2
    },
    "top_probabilities": {
      "30": 0.07939727085884679,
      "31": 0.04833797799126212,
      "44": 0.04727736877130555,
      "38": 0.04115521979036523,
      "24": 0.02928440037243276,
      "47": 0.025999054721825173,
      "42": 0.023971627824916106,
      "49": 0.02359757935707315,
      "55": 0.02359757935707315,
      "56": 0.02322647217052051,
      "22": 0.02322647217052051,
      "23": 0.0209060872868588,
      "6": 0.02021059586423292,
      "41": 0.019428517227167045,
      "46": 0.01838160832665518,
      "25": 0.01786536206775697,
      "40": 0.017222880194578686,
      "36": 0.017222880194578686,
      "1": 0.016906051179925025,
      "50": 0.016770660567754954
    }
  },
  "predictions": {
    "primary": [
      5,
      14,
      28,
      35,
      51,
      52
    ],
    "alternative_1": [
      2,
      18,
      32,
      41,
      43,
      49
    ],
    "alternative_2": [
      26,
      30,
      38,
      43,
      49,
      55
    ]
  }
}